Pressure(bar),Adsorption(mg/g)
0.0,0.0
0.570681539126,10.7545408619
1.00486120637,21.4438418586
5.04287430118,96.9221838961
10.0773845171,156.093905258
15.107879972,185.114771978
20.1368698916,202.829068207
25.1319852658,216.145528393
