crystal,CO2_henry coefficient [mmol/(g-bar)],Temperature [K],SO2_henry coefficient [mmol/(g-bar)],Temperature [K]
Co-CN6,2.440927,298,11.692121,298
MFM-300-In,4.607513,298,171.432416,298
MFM600,1.418831,298,34.797254,298
MFM601,1.370301,298,97.240663,298
Ni-bdc-ted,2.206897,298,40.402008,298
NOTT-202a,3.275732,293,153.6,293
NOTT-300,7.965262,293,483.863591,293
Zn-bdc-ted,2.158665,298,19.169554,298
Zn-CN6,5.17058,298,4.364834,298
Mg-MOF-74,217.978695,298,150.41268,298
