Pressure(bar),Adsorption(mmol/g)
0.0,0.0
0.114101207151,1.33408507188
0.561057111091,2.17544315351
1.18096224152,2.57629134764
1.77952981141,2.84438647939
