Pressure(bar),Adsorption(mmol/g)
0.0,0.0
0.0110701107011,2.69972324723
0.0110701107011,2.49203093954
0.0129151291513,2.87275759296
0.0147601476015,3.0804073233
0.0156826568266,3.24192449617
0.0175276752768,3.42649730343
0.0193726937269,3.62260857224
0.0221402214022,3.80716009083
0.0239852398524,3.98019443656
0.0276752767528,4.18780158955
0.0285977859779,4.36085722396
0.0332103321033,4.5453661652
0.0387453874539,4.74139227931
0.0424354243542,4.92592250923
0.0479704797048,5.11041016179
0.0544280442804,5.30641498723
0.0627306273063,5.4677618507
0.0738007380074,5.65212177122
0.0867158671587,5.83643911439
0.10147601476,6.00917541868
0.116236162362,6.14729633835
0.130996309963,6.26234033494
0.147601476015,6.37734175419
0.160516605166,6.45781294351
0.174354243542,6.53826284417
0.189114391144,6.61869145615
0.20479704797,6.68756031791
0.219557195572,6.74491200681
0.234317343173,6.81380215725
0.24815498155,6.85963667329
0.261992619926,6.91700965087
0.277675276753,6.97434005109
0.293357933579,7.04320891286
0.308118081181,7.07748367868
0.321955719557,7.11177973318
0.337638376384,7.14603321033
0.354243542435,7.20334232188
0.369003690037,7.22607862617
0.381918819188,7.27193443088
0.397601476015,7.32926483111
0.412361623616,7.3520011354
0.427121771218,7.38627590122
0.442804428044,7.40899091683
0.50184501845,7.56916690321
0.516605166052,7.59190320749
0.529520295203,7.62622055067
0.54520295203,7.66047402782
0.561808118081,7.70624467783
0.575645756458,7.71746380925
0.590405904059,7.75173857508
0.604243542435,7.77449616804
0.619926199262,7.80874964519
0.634686346863,7.84302441101
0.649446494465,7.8657607153
0.663284132841,7.9000567698
0.678044280443,7.93433153562
0.693726937269,7.95704655123
0.709409594096,7.99130002838
0.723247232472,8.02559608288
0.738929889299,8.03677263696
0.7536900369,8.07104740278
0.767527675277,8.10534345728
0.783210332103,8.12805847289
0.797970479705,8.15079477718
0.811808118081,8.17355237014
0.827490774908,8.20780584729
0.843173431734,8.2305208629
0.857933579336,8.26479562873
0.871771217712,8.26447629861
0.887453874539,8.29872977576
0.903136531365,8.32144479137
0.916974169742,8.35574084587
0.930811808118,8.39003690037
0.946494464945,8.40121345444
0.960332103321,8.4239710474
0.976014760148,8.45822452455
0.990774907749,8.45788390576
