Pressure(bar),Adsorption(mmol/g)
0.0,0.0
0.0185546875,0.0694444444444
0.03125,0.0972222222222
0.0869140625,0.138888888889
0.1259765625,0.222222222222
0.13671875,0.208333333333
0.1669921875,0.25
0.181640625,0.263888888889
0.2080078125,0.291666666667
0.2275390625,0.319444444444
0.2412109375,0.347222222222
0.24609375,0.347222222222
0.2861328125,0.402777777778
0.2939453125,0.402777777778
0.3310546875,0.444444444444
0.3466796875,0.472222222222
0.3857421875,0.513888888889
0.4453125,0.611111111111
0.490234375,0.638888888889
0.5390625,0.722222222222
0.689453125,0.930555555556
0.70703125,0.944444444444
0.8984375,1.19444444444
0.927734375,1.25
