Pressure(bar),Adsorption(mmol/g)
0.0,0.0
0.0181979248262,0.0455757384065
0.0306914692517,0.122405106143
0.0431887202271,0.183830052213
0.0585696670777,0.26061494135
0.0681758090781,0.337488787686
0.0749056683033,0.368193847621
0.0883616802038,0.445008389158
0.094132778504,0.460323853626
0.0989414093291,0.475654144294
0.11431864963,0.567843455098
0.12008604138,0.598563341232
0.132583292355,0.659988287302
0.148923000131,0.752162771906
0.171992567132,0.875042316445
0.186418459607,0.921033188448
0.217172940208,1.10541181006
0.25177729071,1.28973112687
0.310398849487,1.65853284868
0.345958254363,1.87364618262
0.371907810689,2.0272900919
0.437274054892,2.36517918698
0.470915937918,2.54951332999
0.505516581869,2.74923706846
0.531477257845,2.85666771274
0.565126553971,3.01019301241
0.598768436997,3.19452715542
0.624729112973,3.30195779969
0.658370995999,3.4862919427
0.692027705225,3.60900839904
0.717984674651,3.73184346498
0.751637677328,3.86996434299
0.784324505979,4.02350446886
0.817977508655,4.16162534687
0.844904358656,4.25363674328
0.878557361332,4.39175762128
0.904518037308,4.49918826556
0.940099681484,4.6218750695
0.97183516231,4.72921675657
1.01126296984,4.86724867738
