crystal,CO2_henry coefficient [mmol/(g-bar)],Temperature [K],H2O_henry coefficient [mmol/(g-bar)],Temperature [K]
Al-MIL-53,9.913976,304,117,298
MIL-101,0.733852,303,968,298
MIL-101-NH2,43.303283,293,4050,298
MIL-101-NO2,3.575326,293,503,298
MIL-125,2.046779,298,27500,298
MIL-125-NH2,3.630764,298,31000,298
MIL-68,2.643392,298,25.3,298
MIL-68-NH2,4.053452,298,117,298
SIM-1,8.058667,303,133,298
ZIF-8,0.471066,298,57,298
