atom,x,y,z
S_SO2,0.000000,0.000000,0.000000
O_SO2,-1.235751,-0.723562,0.000000 
O_SO2,1.235751,-0.723562,0.000000 
