Pressure(bar),Adsorption(mmol/g)
0.000845308537616,0.35931160186
0.000845308537616,0.17181160186
0.00169061707523,0.396806318681
0.00169061707523,0.443681318681
0.00338123415046,0.740545752325
0.0050718512257,1.01866018597
0.00676246830093,1.92489961961
0.00676246830093,1.73427461961
0.0101437024514,1.9592534869
0.0557903634827,2.13396819527
0.0760777683855,2.16196639899
0.102282333052,2.18680262046
0.12764158918,2.20226912511
0.153846153846,2.21773034658
0.177514792899,2.22695741758
0.202874049028,2.23304892223
0.253592561285,2.24523193153
0.303465765004,2.24804522401
0.351648351648,2.25399408284
0.404902789518,2.2567862426
0.454775993238,2.26272453508
0.503803888419,2.26554311074
0.552831783601,2.27461168639
0.60270498732,2.27742497887
0.651732882502,2.28336855452
0.704142011834,2.28616599746
0.754015215554,2.28897928994
0.803043110735,2.2949228656
0.853761622992,2.30398087489
0.901944209637,2.31305473373
0.954353338969,2.30960217667
1.0,2.31244188504
