Pressure(bar),Adsorption(mmol/g)
0.0,0.0
0.00217469925949,0.502860666283
0.00516046410975,0.82986713465
0.00890037766724,1.15686411687
0.0118742848334,1.60965689791
0.0155975976332,2.11275471788
0.0178066841765,2.67876466647
0.0207604332798,3.34539417906
0.0252118078818,4.12521240077
0.028910219545,4.89246147735
0.0348924211612,5.43326673267
0.0416347003267,5.91116934552
0.0611797209887,6.57759016287
0.0807567573977,6.90438793599
0.101853948905,7.10538042415
0.122201734779,7.25606787338
0.141047152081,7.34388113857
0.161399681028,7.44425406274
0.181000432805,7.51947921052
0.200602370351,7.58212572702
0.220959642372,7.63218412612
0.241318100162,7.66966389394
0.260921223476,7.71973177919
0.28052434679,7.76979966443
0.299375692933,7.79471977328
0.348388244292,7.86957496131
0.398910278833,7.93183254579
0.449433499143,7.98151149899
0.498448422039,8.03120942449
0.548972828117,8.06830974642
0.599498419964,8.09283143709
0.649268677335,8.12994124518
0.698285971767,8.15448190814
0.748810377845,8.19158223007
0.798583006753,8.20353477562
0.848355635661,8.21548732117
0.898881227507,8.24000901184
0.94789852194,8.2645496748
0.999178262494,8.28906187932
