Pressure(bar),Adsorption(mmol/g)
0.0,0.0
0.00196463654224,0.997587522292
0.00392927308448,2.14821943151
0.0098231827112,4.64489127856
0.0147347740668,5.67615219136
0.0304518664047,6.37103107431
0.049115913556,6.74029744117
0.0795677799607,6.95772432711
0.098231827112,6.99049137239
0.132612966601,7.14283200891
0.166011787819,7.2300330816
0.198428290766,7.2738042241
0.249508840864,7.32863277824
0.29862475442,7.38344000661
0.349705304519,7.39484929345
0.399803536346,7.44966718471
0.447937131631,7.50446375019
0.5,7.50502888309
0.549115913556,7.53812647781
0.599214145383,7.54952510176
0.648330058939,7.58262269648
0.699410609037,7.60488680015
0.750491159136,7.62715090381
0.79862475442,7.64938301882
0.85068762279,7.6390933349
0.898821218075,7.66132544991
0.949901768173,7.67273473675
0.998035363458,7.68411203493
