Pressure(bar),Adsorption(mmol/g)
0.0,0.0
0.0133884206985,0.234146341463
0.020113148196,0.312195121951
0.02587071684,0.419512195122
0.0325860544457,0.556097560976
0.0412294498306,0.673170731707
0.0498712802335,0.8
0.0575490817468,0.936585365854
0.0729156396473,1.14146341463
0.0786763382552,1.22926829268
0.0853995007708,1.31707317073
0.0921257932502,1.38536585366
0.0988489557658,1.47317073171
0.113260874668,1.62926829268
0.119026268222,1.68780487805
0.132477288199,1.83414634146
0.149773468861,2.00975609756
0.158421559192,2.09756097561
0.17283817304,2.2243902439
0.185332989037,2.33170731707
0.216094274513,2.56585365854
0.252628778453,2.80975609756
0.3132061003,3.17073170732
0.34397834065,3.33658536585
0.371869449205,3.46341463415
0.465173673873,3.80487804878
0.503651885412,3.93170731707
0.531549253895,4.01951219512
0.598893557752,4.19512195122
0.624872258347,4.24390243902
0.658544410276,4.33170731707
0.69125722826,4.4
0.718198392764,4.4487804878
0.784589622605,4.56585365854
0.818268034461,4.61463414634
0.845209198964,4.66341463415
0.877926711895,4.70243902439
0.904867876398,4.7512195122
0.939511882126,4.78048780488
0.971263801185,4.83902439024
1.01168259036,4.86829268293
