Pressure(bar),Adsorption(mmol/g)
0.0,0.0
0.000255000497562,0.997412677878
0.00176012538561,1.64941785252
0.00447805751816,1.90944372574
0.00914394467111,2.13065976714
0.0119539257638,2.24708926261
0.0185951338442,2.38680465718
0.0262302219126,2.47606727038
0.0338877002687,2.53040103493
0.0396395163698,2.55756791721
0.0444322818191,2.5808538163
0.0530687133048,2.60802069858
0.0617126082197,2.62354463131
0.0674743755598,2.63518758085
0.0741951935516,2.65071151358
0.0828390884665,2.66623544631
0.0895599064584,2.68175937904
0.104939546224,2.68952134541
0.118391133446,2.70504527814
0.133765797592,2.72056921087
0.146263309782,2.72445019405
0.158760821972,2.72833117723
0.170294307891,2.7360931436
0.182786844462,2.74773609314
0.207786844462,2.74773609314
0.234704945766,2.75549805951
0.261623047069,2.76326002587
0.287579609911,2.77102199224
0.313536172754,2.7787839586
0.340454274057,2.78654592497
0.366410836899,2.79430789133
0.391408349089,2.79818887451
0.418328938203,2.8020698577
0.445249527316,2.80595084088
0.471206090158,2.81371280724
0.497162653,2.82147477361
0.524080754304,2.82923673997
0.550039804956,2.83311772316
0.576001343417,2.83311772316
0.601957906259,2.84087968952
0.628880983182,2.84087968952
0.654840033834,2.8447606727
0.681758135138,2.85252263907
0.708676236441,2.86028460543
0.753863568514,2.8680465718
0.778858592895,2.87580853816
0.786553388397,2.87192755498
0.826928052543,2.88745148771
0.885579410887,2.89133247089
0.92500248781,2.89133247089
0.945189819883,2.89909443726
0.997110408996,2.90297542044
