Pressure(bar),Adsorption(mmol/g)
0.0,0.0
0.00096528210011,0.182403074567
0.00187202605306,0.343696576474
0.0177585623987,1.97068075087
0.0254796245435,2.13199814589
0.054515740191,2.35299757126
0.0792403421017,2.41970417927
0.109069709376,2.46889712936
0.139743698488,2.4970551728
0.167006944536,2.51468232303
0.192565416379,2.52879718443
0.216420308675,2.54290607256
0.224085221985,2.53942663677
0.248791904055,2.55353851153
0.271793811921,2.56413809746
0.29734750514,2.56422769667
0.322051797898,2.57132694033
0.346756090655,2.57842618399
0.371457994101,2.57851279656
0.396161092202,2.58210572467
0.42171836939,2.59271427053
0.444715498632,2.58928859426
0.470271581163,2.59639082456
0.494122889491,2.59998076604
0.519677777366,2.60357668079
0.544380875468,2.60716960891
0.569082778913,2.60725622147
0.593785877015,2.61084914958
0.617637185343,2.61443909106
0.643192073218,2.61803500581
0.667893976664,2.61812161838
0.691746479647,2.6252178754
0.715597787975,2.62880781687
0.740298496764,2.62538811389
0.765852189984,2.62547771309
0.789703498311,2.62906765457
0.814407791069,2.63616689823
0.839109694514,2.6362535108
0.86466458239,2.63984942555
0.888513501406,2.63642673592
0.913217794163,2.64352597959
0.939623277157,2.64361856543
0.962621601054,2.64369920472
0.9873235045,2.64378581728
1.01287839238,2.64738173204
