Pressure(bar),Adsorption(mmol/g)
0.0,0.0
0.192373598551,0.839678759521
0.585471789169,1.49986886003
1.0785336103,1.8209152521
1.4748805752,2.01134623051
